doc_id,title,department,original_path,processed_text_path,processed_meta_path,processed_at,original_size_bytes,original_modified
ee2eb0b6-df0d-4b5f-94a9-b3cab2d5f787,Chatbot Script Samples (L0 Diagnostics),Customer Support,Database/Customer Support/Chatbot Script Samples (L0 Diagnostics).pdf,processed_docs/Customer Support/Chatbot Script Samples (L0 Diagnostics).txt,processed_docs/Customer Support/Chatbot Script Samples (L0 Diagnostics).json,2025-10-22T15:51:17.217592Z,103518,2025-10-04T18:26:44.554357
275e57ef-61f5-481c-9e9f-f6e74669de58,Complaint Resolution Workflow (CRR-001),Customer Support,Database/Customer Support/Complaint Resolution Workflow (CRR-001).pdf,processed_docs/Customer Support/Complaint Resolution Workflow (CRR-001).txt,processed_docs/Customer Support/Complaint Resolution Workflow (CRR-001).json,2025-10-22T15:51:17.226593Z,64881,2025-10-04T18:26:25.052264
d09a244b-0231-4d34-b891-7d7cf98264ae,Customer Satisfaction (CSAT) Survey Template,Customer Support,Database/Customer Support/Customer Satisfaction (CSAT) Survey Template.pdf,processed_docs/Customer Support/Customer Satisfaction (CSAT) Survey Template.txt,processed_docs/Customer Support/Customer Satisfaction (CSAT) Survey Template.json,2025-10-22T15:51:17.233590Z,60660,2025-10-04T18:27:03.259810
ccd58abf-350a-496f-a84c-65478483a61c,Customer Support Escalation Matrix (Contact & Responsibility),Customer Support,Database/Customer Support/Customer Support Escalation Matrix (Contact & Responsibility).pdf,processed_docs/Customer Support/Customer Support Escalation Matrix (Contact & Responsibility).txt,processed_docs/Customer Support/Customer Support Escalation Matrix (Contact & Responsibility).json,2025-10-22T15:51:17.241590Z,66759,2025-10-04T18:27:25.872691
c3344ba6-23ed-424d-b120-913c37a0f422,Customer Support Resource Allocation Plan (Q1 2026),Customer Support,Database/Customer Support/Customer Support Resource Allocation Plan (Q1 2026).pdf,processed_docs/Customer Support/Customer Support Resource Allocation Plan (Q1 2026).txt,processed_docs/Customer Support/Customer Support Resource Allocation Plan (Q1 2026).json,2025-10-22T15:51:17.248590Z,57215,2025-10-04T18:29:48.068566
a1c8697d-9ef4-46fc-8e8f-68c121960204,Frequently Asked Questions (FAQ) - AI Features,Customer Support,Database/Customer Support/Frequently Asked Questions (FAQ) - AI Features.pdf,processed_docs/Customer Support/Frequently Asked Questions (FAQ) - AI Features.txt,processed_docs/Customer Support/Frequently Asked Questions (FAQ) - AI Features.json,2025-10-22T15:51:17.255591Z,58963,2025-10-04T18:28:13.165289
f37312bf-0636-44c9-be2c-2050ec0778cb,Instructions for AI - Data Handling Protocol (Internal Support Tools),Customer Support,Database/Customer Support/Instructions for AI - Data Handling Protocol (Internal Support Tools).pdf,processed_docs/Customer Support/Instructions for AI - Data Handling Protocol (Internal Support Tools).txt,processed_docs/Customer Support/Instructions for AI - Data Handling Protocol (Internal Support Tools).json,2025-10-22T15:51:17.263591Z,60133,2025-10-04T18:28:32.885246
cecf18c6-728a-463a-8603-5253f791a262,KB-101 Troubleshooting SAML Single Sign-On (SSO) Errors,Customer Support,Database/Customer Support/KB-101 Troubleshooting SAML Single Sign-On (SSO) Errors.pdf,processed_docs/Customer Support/KB-101 Troubleshooting SAML Single Sign-On (SSO) Errors.txt,processed_docs/Customer Support/KB-101 Troubleshooting SAML Single Sign-On (SSO) Errors.json,2025-10-22T15:51:17.271590Z,63188,2025-10-04T18:23:33.157372
f396fa81-7824-44ee-971e-ca4c06e892c2,KB-205 Resolving 'Inference Latency Timeout' (AI Model Failure),Customer Support,Database/Customer Support/KB-205 Resolving 'Inference Latency Timeout' (AI Model Failure).pdf,processed_docs/Customer Support/KB-205 Resolving 'Inference Latency Timeout' (AI Model Failure).txt,processed_docs/Customer Support/KB-205 Resolving 'Inference Latency Timeout' (AI Model Failure).json,2025-10-22T15:51:17.279590Z,58521,2025-10-04T18:24:07.643041
7b0d07fc-bb7a-4bec-8262-65ec3ba0f61a,KB-302 How to Check the Status of a Feature Deployment,Customer Support,Database/Customer Support/KB-302 How to Check the Status of a Feature Deployment.pdf,processed_docs/Customer Support/KB-302 How to Check the Status of a Feature Deployment.txt,processed_docs/Customer Support/KB-302 How to Check the Status of a Feature Deployment.json,2025-10-22T15:51:17.286590Z,60312,2025-10-04T18:24:30.462291
68eae1a5-b732-4ce4-8684-17b3279aae31,"Monthly Customer Support Report - [Month, Year]",Customer Support,"Database/Customer Support/Monthly Customer Support Report - [Month, Year].pdf","processed_docs/Customer Support/Monthly Customer Support Report - [Month, Year].txt","processed_docs/Customer Support/Monthly Customer Support Report - [Month, Year].json",2025-10-22T15:51:17.295591Z,72360,2025-10-04T18:27:52.954038
da9a5959-84bb-4bd6-95d4-b06a9ec749aa,Multilingual Support Guidelines (Arabic English),Customer Support,Database/Customer Support/Multilingual Support Guidelines (Arabic English).pdf,processed_docs/Customer Support/Multilingual Support Guidelines (Arabic English).txt,processed_docs/Customer Support/Multilingual Support Guidelines (Arabic English).json,2025-10-22T15:51:17.302590Z,56193,2025-10-04T18:28:56.513666
ccaf1fcf-6e8c-42cb-bdf1-9297fa974645,NexaCore Customer Support Handbook,Customer Support,Database/Customer Support/NexaCore Customer Support Handbook.pdf,processed_docs/Customer Support/NexaCore Customer Support Handbook.txt,processed_docs/Customer Support/NexaCore Customer Support Handbook.json,2025-10-22T15:51:17.311619Z,74848,2025-10-04T18:20:18.160324
da7be81c-5b53-499b-b466-5b6fea2ccb1c,Service Level Agreement (SLA) - Enterprise Clients,Customer Support,Database/Customer Support/Service Level Agreement (SLA) - Enterprise Clients.pdf,processed_docs/Customer Support/Service Level Agreement (SLA) - Enterprise Clients.txt,processed_docs/Customer Support/Service Level Agreement (SLA) - Enterprise Clients.json,2025-10-22T15:51:17.319619Z,61983,2025-10-04T18:23:10.279873
61a2ee2c-f25f-4490-81f2-86d990faa314,Support Agent Training Module Handling Enterprise AI Failures,Customer Support,Database/Customer Support/Support Agent Training Module Handling Enterprise AI Failures.pdf,processed_docs/Customer Support/Support Agent Training Module Handling Enterprise AI Failures.txt,processed_docs/Customer Support/Support Agent Training Module Handling Enterprise AI Failures.json,2025-10-22T15:51:17.335593Z,68273,2025-10-04T18:29:27.217690
aec27992-9167-44b5-828d-992bc37c7f62,Support Email Template Critical Incident Communication,Customer Support,Database/Customer Support/Support Email Template Critical Incident Communication.pdf,processed_docs/Customer Support/Support Email Template Critical Incident Communication.txt,processed_docs/Customer Support/Support Email Template Critical Incident Communication.json,2025-10-22T15:51:17.346592Z,49870,2025-10-04T18:25:58.843781
f53218a4-0441-44f8-8951-fae1805a267e,Support Email Template Follow-Up (Inactive Ticket),Customer Support,Database/Customer Support/Support Email Template Follow-Up (Inactive Ticket).pdf,processed_docs/Customer Support/Support Email Template Follow-Up (Inactive Ticket).txt,processed_docs/Customer Support/Support Email Template Follow-Up (Inactive Ticket).json,2025-10-22T15:51:17.356593Z,48079,2025-10-04T18:25:33.466695
2677ca08-5228-495f-867c-46f6c98240c6,Support Email Template Successful Resolution,Customer Support,Database/Customer Support/Support Email Template Successful Resolution.pdf,processed_docs/Customer Support/Support Email Template Successful Resolution.txt,processed_docs/Customer Support/Support Email Template Successful Resolution.json,2025-10-22T15:51:17.367591Z,50133,2025-10-04T18:24:50.937095
40f4ebc8-f427-4154-9527-507ef88bf10c,Ticket Escalation Policy and Triage Procedure,Customer Support,Database/Customer Support/Ticket Escalation Policy and Triage Procedure.pdf,processed_docs/Customer Support/Ticket Escalation Policy and Triage Procedure.txt,processed_docs/Customer Support/Ticket Escalation Policy and Triage Procedure.json,2025-10-22T15:51:17.378593Z,67445,2025-10-04T18:20:52.203531
039aad9f-57d8-4fe5-8bc7-4a174e6e3723,CI-CD and DevOps Automation Standard,Engineering & IT,Database/Engineering & IT/CI-CD and DevOps Automation Standard.pdf,processed_docs/Engineering & IT/CI-CD and DevOps Automation Standard.txt,processed_docs/Engineering & IT/CI-CD and DevOps Automation Standard.json,2025-10-22T15:51:17.390592Z,51748,2025-10-04T16:32:47.328173
09e9b923-6811-45ff-8265-770b8968e07a,Cloud Infrastructure & Architecture Standard (Multi-Region),Engineering & IT,Database/Engineering & IT/Cloud Infrastructure & Architecture Standard (Multi-Region).pdf,processed_docs/Engineering & IT/Cloud Infrastructure & Architecture Standard (Multi-Region).txt,processed_docs/Engineering & IT/Cloud Infrastructure & Architecture Standard (Multi-Region).json,2025-10-22T15:51:17.399591Z,56838,2025-10-04T16:28:12.065506
127aecf7-db7b-4c72-ab97-76b6244c6d3c,Customer-Facing Service Level Agreement (SLA) Policy,Engineering & IT,Database/Engineering & IT/Customer-Facing Service Level Agreement (SLA) Policy.pdf,processed_docs/Engineering & IT/Customer-Facing Service Level Agreement (SLA) Policy.txt,processed_docs/Engineering & IT/Customer-Facing Service Level Agreement (SLA) Policy.json,2025-10-22T15:51:17.409590Z,68277,2025-10-04T16:40:28.662462
8da68fca-c2d1-4b4c-af76-683889486909,Data-at-Rest and Data-in-Transit Encryption Standard,Engineering & IT,Database/Engineering & IT/Data-at-Rest and Data-in-Transit Encryption Standard.pdf,processed_docs/Engineering & IT/Data-at-Rest and Data-in-Transit Encryption Standard.txt,processed_docs/Engineering & IT/Data-at-Rest and Data-in-Transit Encryption Standard.json,2025-10-22T15:51:17.418608Z,50373,2025-10-04T16:34:53.107279
97951661-95ef-4611-ac22-aeb0888c7776,Disaster Recovery and Business Continuity Plan (Summary),Engineering & IT,Database/Engineering & IT/Disaster Recovery and Business Continuity Plan (Summary).pdf,processed_docs/Engineering & IT/Disaster Recovery and Business Continuity Plan (Summary).txt,processed_docs/Engineering & IT/Disaster Recovery and Business Continuity Plan (Summary).json,2025-10-22T15:51:17.428591Z,52875,2025-10-04T16:34:32.567340
92fabb36-adba-4e37-8d17-c88958916b5c,External API Gateway and Integration Standards,Engineering & IT,Database/Engineering & IT/External API Gateway and Integration Standards.pdf,processed_docs/Engineering & IT/External API Gateway and Integration Standards.txt,processed_docs/Engineering & IT/External API Gateway and Integration Standards.json,2025-10-22T15:51:17.435590Z,50690,2025-10-04T16:43:38.524352
d1ec483e-a30b-4606-9b1c-a9bb1eb56579,ML Model Governance and Data Pipeline Policy (MLOps),Engineering & IT,Database/Engineering & IT/ML Model Governance and Data Pipeline Policy (MLOps).pdf,processed_docs/Engineering & IT/ML Model Governance and Data Pipeline Policy (MLOps).txt,processed_docs/Engineering & IT/ML Model Governance and Data Pipeline Policy (MLOps).json,2025-10-22T15:51:17.442590Z,51700,2025-10-04T16:34:09.596714
ddaeb4cd-935b-4987-923b-4ca4a893a2a0,Software Engineering Coding and Review Standards,Engineering & IT,Database/Engineering & IT/Software Engineering Coding and Review Standards.pdf,processed_docs/Engineering & IT/Software Engineering Coding and Review Standards.txt,processed_docs/Engineering & IT/Software Engineering Coding and Review Standards.json,2025-10-22T15:51:17.450591Z,54715,2025-10-04T16:33:45.605530
84332ae0-e0cb-41a0-bee0-a3e08665f2e4,System Monitoring and Alerting Standard,Engineering & IT,Database/Engineering & IT/System Monitoring and Alerting Standard.pdf,processed_docs/Engineering & IT/System Monitoring and Alerting Standard.txt,processed_docs/Engineering & IT/System Monitoring and Alerting Standard.json,2025-10-22T15:51:17.456590Z,49469,2025-10-04T16:42:07.874453
82b0a7af-332b-49fa-b201-c9d1f956b9dc,Technical Debt Management and Refactoring Strategy,Engineering & IT,Database/Engineering & IT/Technical Debt Management and Refactoring Strategy.pdf,processed_docs/Engineering & IT/Technical Debt Management and Refactoring Strategy.txt,processed_docs/Engineering & IT/Technical Debt Management and Refactoring Strategy.json,2025-10-22T15:51:17.463590Z,54526,2025-10-04T16:40:03.794297
f5757a61-a5bd-4f53-8a0e-a8d16f29e63e,Technical Incident Management and Escalation Protocol,Engineering & IT,Database/Engineering & IT/Technical Incident Management and Escalation Protocol.pdf,processed_docs/Engineering & IT/Technical Incident Management and Escalation Protocol.txt,processed_docs/Engineering & IT/Technical Incident Management and Escalation Protocol.json,2025-10-22T15:51:17.471590Z,60452,2025-10-04T16:39:37.676183
cc46051c-77b4-4871-9130-9dd9436f874a,Vulnerability and Patch Management Policy,Engineering & IT,Database/Engineering & IT/Vulnerability and Patch Management Policy.pdf,processed_docs/Engineering & IT/Vulnerability and Patch Management Policy.txt,processed_docs/Engineering & IT/Vulnerability and Patch Management Policy.json,2025-10-22T15:51:17.478591Z,56663,2025-10-04T16:43:09.913513
8f4cc8c2-1751-4bf0-a637-9e09b290eaea,Zero Trust Network and Access Policy,Engineering & IT,Database/Engineering & IT/Zero Trust Network and Access Policy.pdf,processed_docs/Engineering & IT/Zero Trust Network and Access Policy.txt,processed_docs/Engineering & IT/Zero Trust Network and Access Policy.json,2025-10-22T15:51:17.485591Z,51003,2025-10-04T16:33:16.049434
adc87b84-f58f-43c8-8aed-94120d9c3a71,Annual Audit Preparation Checklist (FY 2026),Finance,Database/Finance/Annual Audit Preparation Checklist (FY 2026).pdf,processed_docs/Finance/Annual Audit Preparation Checklist (FY 2026).txt,processed_docs/Finance/Annual Audit Preparation Checklist (FY 2026).json,2025-10-22T15:51:17.494591Z,68644,2025-10-04T16:06:45.384634
3156c464-92c0-41f3-8398-637e84ef0a90,Employee Expense Reimbursement Form,Finance,Database/Finance/Employee Expense Reimbursement Form.pdf,processed_docs/Finance/Employee Expense Reimbursement Form.txt,processed_docs/Finance/Employee Expense Reimbursement Form.json,2025-10-22T15:51:17.503592Z,65884,2025-10-04T16:02:05.279054
1e21e388-3090-4964-a799-25371ffd4526,Enterprise Financial Risk Management Report (H1 2026),Finance,Database/Finance/Enterprise Financial Risk Management Report (H1 2026).pdf,processed_docs/Finance/Enterprise Financial Risk Management Report (H1 2026).txt,processed_docs/Finance/Enterprise Financial Risk Management Report (H1 2026).json,2025-10-22T15:51:17.511590Z,66101,2025-10-04T16:05:22.512349
fb9c9d1c-f7f3-40df-8b49-5ee6465b3354,Financial Forecasting Report - 2-Year Horizon (FY 2027-2028),Finance,Database/Finance/Financial Forecasting Report - 2-Year Horizon (FY 2027-2028).pdf,processed_docs/Finance/Financial Forecasting Report - 2-Year Horizon (FY 2027-2028).txt,processed_docs/Finance/Financial Forecasting Report - 2-Year Horizon (FY 2027-2028).json,2025-10-22T15:51:17.522590Z,65588,2025-10-04T16:07:15.828238
13e1cda0-642e-4942-9e76-ba60e9dec2c0,Global Payroll and Compensation Guidelines,Finance,Database/Finance/Global Payroll and Compensation Guidelines.pdf,processed_docs/Finance/Global Payroll and Compensation Guidelines.txt,processed_docs/Finance/Global Payroll and Compensation Guidelines.json,2025-10-22T15:51:17.530591Z,53270,2025-10-04T16:02:28.863548
9113de4d-b0e6-4fe6-8ee0-af0f987089e8,Global Travel and Entertainment (T&E) Policy,Finance,Database/Finance/Global Travel and Entertainment (T&E) Policy.pdf,processed_docs/Finance/Global Travel and Entertainment (T&E) Policy.txt,processed_docs/Finance/Global Travel and Entertainment (T&E) Policy.json,2025-10-22T15:51:17.538591Z,61025,2025-10-04T16:04:05.102361
bc561df2-438e-4f1c-bde5-a1036b70ed0b,Internal Investment Proposal-R&D Seed Fund,Finance,Database/Finance/Internal Investment Proposal-R&D Seed Fund.pdf,processed_docs/Finance/Internal Investment Proposal-R&D Seed Fund.txt,processed_docs/Finance/Internal Investment Proposal-R&D Seed Fund.json,2025-10-22T15:51:17.546591Z,58157,2025-10-04T16:04:39.630769
254cdf1d-1c6d-4c18-abc6-854f3a24cd59,Monthly Cash Flow Report - September 2025,Finance,Database/Finance/Monthly Cash Flow Report - September 2025.pdf,processed_docs/Finance/Monthly Cash Flow Report - September 2025.txt,processed_docs/Finance/Monthly Cash Flow Report - September 2025.json,2025-10-22T15:51:17.555590Z,76523,2025-10-04T16:02:56.422460
d49993ad-9f19-4b39-9cde-76f623ed2560,NexaCore Solutions Annual Budget Report (FY 2026 - Summary),Finance,Database/Finance/NexaCore Solutions Annual Budget Report (FY 2026 - Summary).pdf,processed_docs/Finance/NexaCore Solutions Annual Budget Report (FY 2026 - Summary).txt,processed_docs/Finance/NexaCore Solutions Annual Budget Report (FY 2026 - Summary).json,2025-10-22T15:51:17.566590Z,86096,2025-10-04T16:01:05.153198
8f5e2649-204a-42e8-8c22-7c5f5eb7acb4,NexaCore Solutions Profit & Loss (P&L) Statement - Q4 FY2025,Finance,Database/Finance/NexaCore Solutions Profit & Loss (P&L) Statement - Q4 FY2025.pdf,processed_docs/Finance/NexaCore Solutions Profit & Loss (P&L) Statement - Q4 FY2025.txt,processed_docs/Finance/NexaCore Solutions Profit & Loss (P&L) Statement - Q4 FY2025.json,2025-10-22T15:51:17.573590Z,66028,2025-10-04T16:05:57.172754
73589930-c0d9-4dcf-bae5-0a77dc8d7c72,NexaCore Solutions Quarterly Financial Statement - Q1 FY2026,Finance,Database/Finance/NexaCore Solutions Quarterly Financial Statement - Q1 FY2026.pdf,processed_docs/Finance/NexaCore Solutions Quarterly Financial Statement - Q1 FY2026.txt,processed_docs/Finance/NexaCore Solutions Quarterly Financial Statement - Q1 FY2026.json,2025-10-22T15:51:17.581591Z,65744,2025-10-04T16:01:31.141914
f4e5adc8-7e35-42c2-8985-602c83c12bf2,Vendor Payment and Procurement Policy,Finance,Database/Finance/Vendor Payment and Procurement Policy.pdf,processed_docs/Finance/Vendor Payment and Procurement Policy.txt,processed_docs/Finance/Vendor Payment and Procurement Policy.json,2025-10-22T15:51:17.589591Z,61374,2025-10-04T16:03:31.291249
bb8d094f-76aa-4e6a-9519-7176c03ae4c9,Capital Expenditure (CapEx) Approval Form,HR,Database/HR/Capital Expenditure (CapEx) Approval Form.pdf,processed_docs/HR/Capital Expenditure (CapEx) Approval Form.txt,processed_docs/HR/Capital Expenditure (CapEx) Approval Form.json,2025-10-22T15:51:17.599590Z,64683,2025-10-04T15:55:49.780341
f400e0d2-9144-406d-a420-0e9ac0e7d393,Code of Conduct and Professional Ethics Policy,HR,Database/HR/Code of Conduct and Professional Ethics Policy.pdf,processed_docs/HR/Code of Conduct and Professional Ethics Policy.txt,processed_docs/HR/Code of Conduct and Professional Ethics Policy.json,2025-10-22T15:51:17.607611Z,49557,2025-10-04T15:29:00.605507
f5a1e5d2-8829-4861-91e8-07a694abc8c9,Compensation and Benefits Overview,HR,Database/HR/Compensation and Benefits Overview.pdf,processed_docs/HR/Compensation and Benefits Overview.txt,processed_docs/HR/Compensation and Benefits Overview.json,2025-10-22T15:51:17.616590Z,61690,2025-10-04T15:41:05.756717
d65790ff-fc7b-491c-91ca-2700dad89a56,"Diversity, Inclusion, and Equal Opportunity Policy",HR,"Database/HR/Diversity, Inclusion, and Equal Opportunity Policy.pdf","processed_docs/HR/Diversity, Inclusion, and Equal Opportunity Policy.txt","processed_docs/HR/Diversity, Inclusion, and Equal Opportunity Policy.json",2025-10-22T15:51:17.624591Z,52915,2025-10-04T15:39:07.378461
437c3004-7a45-4b59-960d-9dd7857f480f,Employee Exit Interview Form,HR,Database/HR/Employee Exit Interview Form.pdf,processed_docs/HR/Employee Exit Interview Form.txt,processed_docs/HR/Employee Exit Interview Form.json,2025-10-22T15:51:17.635592Z,64305,2025-10-04T15:35:42.054393
a8f7a26d-90b1-44ad-bf84-837df6bc137d,Formal Grievance and Issue Resolution Procedure,HR,Database/HR/Formal Grievance and Issue Resolution Procedure.pdf,processed_docs/HR/Formal Grievance and Issue Resolution Procedure.txt,processed_docs/HR/Formal Grievance and Issue Resolution Procedure.json,2025-10-22T15:51:17.644593Z,66898,2025-10-04T15:41:37.433914
73b844ea-9449-4b0c-a3de-ec4e758b58d3,Formal Grievance Submission Form,HR,Database/HR/Formal Grievance Submission Form.pdf,processed_docs/HR/Formal Grievance Submission Form.txt,processed_docs/HR/Formal Grievance Submission Form.json,2025-10-22T15:51:17.651593Z,61699,2025-10-04T15:56:54.169594
9242d1e3-01ea-40a8-bbc9-a0b8535f8034,Global Leave and Time-Off Policy,HR,Database/HR/Global Leave and Time-Off Policy.pdf,processed_docs/HR/Global Leave and Time-Off Policy.txt,processed_docs/HR/Global Leave and Time-Off Policy.json,2025-10-22T15:51:17.659589Z,63812,2025-10-04T15:29:46.149886
08ecfb61-62d9-4c31-87f1-284822f04896,Global Recruitment and Hiring Guidelines,HR,Database/HR/Global Recruitment and Hiring Guidelines.pdf,processed_docs/HR/Global Recruitment and Hiring Guidelines.txt,processed_docs/HR/Global Recruitment and Hiring Guidelines.json,2025-10-22T15:51:17.667589Z,62802,2025-10-04T15:30:59.770902
12875560-442e-4d3e-8eb8-df78e566a359,Global Remote and Hybrid Work Policy,HR,Database/HR/Global Remote and Hybrid Work Policy.pdf,processed_docs/HR/Global Remote and Hybrid Work Policy.txt,processed_docs/HR/Global Remote and Hybrid Work Policy.json,2025-10-22T15:51:17.675591Z,59918,2025-10-04T15:40:25.423085
6c8b7cb8-189e-47ed-bdd4-999e195c7443,Job Description-SaaS Account Executive (MENA Region),HR,Database/HR/Job Description-SaaS Account Executive (MENA Region).pdf,processed_docs/HR/Job Description-SaaS Account Executive (MENA Region).txt,processed_docs/HR/Job Description-SaaS Account Executive (MENA Region).json,2025-10-22T15:51:17.683590Z,59131,2025-10-04T15:32:18.782089
c7742e5f-b79c-49da-a4ef-84ac5bddd943,Job Description-Senior AI Engineer,HR,Database/HR/Job Description-Senior AI Engineer.pdf,processed_docs/HR/Job Description-Senior AI Engineer.txt,processed_docs/HR/Job Description-Senior AI Engineer.json,2025-10-22T15:51:17.690593Z,57429,2025-10-04T15:31:41.930020
f9945767-c13e-4933-abb2-69af80c74042,Job Description-Workflow UX Designer,HR,Database/HR/Job Description-Workflow UX Designer.pdf,processed_docs/HR/Job Description-Workflow UX Designer.txt,processed_docs/HR/Job Description-Workflow UX Designer.json,2025-10-22T15:51:17.698626Z,56556,2025-10-04T15:33:27.836688
180f9a95-b356-45c7-92e0-c3be499fa6a0,New Employee Onboarding Checklist,HR,Database/HR/New Employee Onboarding Checklist.pdf,processed_docs/HR/New Employee Onboarding Checklist.txt,processed_docs/HR/New Employee Onboarding Checklist.json,2025-10-22T15:51:17.707589Z,66679,2025-10-04T15:34:23.057458
78f86f70-ba24-46d8-aa1f-343867eb4e16,NexaCore Solutions Annual HR Department Report (FY 2025),HR,Database/HR/NexaCore Solutions Annual HR Department Report (FY 2025).pdf,processed_docs/HR/NexaCore Solutions Annual HR Department Report (FY 2025).txt,processed_docs/HR/NexaCore Solutions Annual HR Department Report (FY 2025).json,2025-10-22T15:51:17.716590Z,74098,2025-10-04T15:42:53.537339
0d2e27e7-3eb6-4574-94b3-5bfdac94e233,NexaCore Solutions Annual Performance Review (APR),HR,Database/HR/NexaCore Solutions Annual Performance Review (APR).pdf,processed_docs/HR/NexaCore Solutions Annual Performance Review (APR).txt,processed_docs/HR/NexaCore Solutions Annual Performance Review (APR).json,2025-10-22T15:51:17.725589Z,72551,2025-10-04T15:30:31.295836
1ea2f876-93e4-4463-a507-657c88a307f4,NexaCore Solutions Employee Handbook - Core Principles,HR,Database/HR/NexaCore Solutions Employee Handbook - Core Principles.pdf,processed_docs/HR/NexaCore Solutions Employee Handbook - Core Principles.txt,processed_docs/HR/NexaCore Solutions Employee Handbook - Core Principles.json,2025-10-22T15:51:17.734594Z,61180,2025-10-04T15:27:47.864224
2a45fd8e-6650-4944-a964-9739fc42bd21,NexaCore Solutions Training & Development Plan (2025-2026),HR,Database/HR/NexaCore Solutions Training & Development Plan (2025-2026).pdf,processed_docs/HR/NexaCore Solutions Training & Development Plan (2025-2026).txt,processed_docs/HR/NexaCore Solutions Training & Development Plan (2025-2026).json,2025-10-22T15:51:17.743593Z,80933,2025-10-04T15:36:22.549053
245efa14-a366-42c2-a860-b407729d30b3,Anti-Money Laundering (AML) and Sanctions Policy,Legal and Compliance,Database/Legal and Compliance/Anti-Money Laundering (AML) and Sanctions Policy.pdf,processed_docs/Legal and Compliance/Anti-Money Laundering (AML) and Sanctions Policy.txt,processed_docs/Legal and Compliance/Anti-Money Laundering (AML) and Sanctions Policy.json,2025-10-22T15:51:17.751726Z,52289,2025-10-04T16:20:49.239781
5f1afdc7-5f68-412f-b644-693e24875702,Conflict of Interest Disclosure Form,Legal and Compliance,Database/Legal and Compliance/Conflict of Interest Disclosure Form.pdf,processed_docs/Legal and Compliance/Conflict of Interest Disclosure Form.txt,processed_docs/Legal and Compliance/Conflict of Interest Disclosure Form.json,2025-10-22T15:51:17.760740Z,64260,2025-10-04T16:23:19.579800
03b6fbbc-7526-4279-ade6-7ffbf24d779a,Data Breach Incident Response Plan - Summary,Legal and Compliance,Database/Legal and Compliance/Data Breach Incident Response Plan - Summary.pdf,processed_docs/Legal and Compliance/Data Breach Incident Response Plan - Summary.txt,processed_docs/Legal and Compliance/Data Breach Incident Response Plan - Summary.json,2025-10-22T15:51:17.768726Z,58210,2025-10-04T16:19:57.567347
05c307af-e989-4194-9866-9d2832f9447f,Global Data Privacy and Governance Policy,Legal and Compliance,Database/Legal and Compliance/Global Data Privacy and Governance Policy.pdf,processed_docs/Legal and Compliance/Global Data Privacy and Governance Policy.txt,processed_docs/Legal and Compliance/Global Data Privacy and Governance Policy.json,2025-10-22T15:51:17.776726Z,61033,2025-10-04T16:13:30.152293
bad93ced-7422-4993-819c-17ffc163809a,Intellectual Property (IP) Protection and Ownership Policy,Legal and Compliance,Database/Legal and Compliance/Intellectual Property (IP) Protection and Ownership Policy.pdf,processed_docs/Legal and Compliance/Intellectual Property (IP) Protection and Ownership Policy.txt,processed_docs/Legal and Compliance/Intellectual Property (IP) Protection and Ownership Policy.json,2025-10-22T15:51:17.784726Z,57727,2025-10-04T16:14:00.038704
20749a01-2cc1-4450-b9f3-59038069b0a1,Internal Compliance Program Outline (FY 2026),Legal and Compliance,Database/Legal and Compliance/Internal Compliance Program Outline (FY 2026).pdf,processed_docs/Legal and Compliance/Internal Compliance Program Outline (FY 2026).txt,processed_docs/Legal and Compliance/Internal Compliance Program Outline (FY 2026).json,2025-10-22T15:51:17.793729Z,54616,2025-10-04T16:20:26.586196
2461609e-0991-482f-b144-548a55607105,Master Services Agreement (MSA) Template - Key Clauses,Legal and Compliance,Database/Legal and Compliance/Master Services Agreement (MSA) Template - Key Clauses.pdf,processed_docs/Legal and Compliance/Master Services Agreement (MSA) Template - Key Clauses.txt,processed_docs/Legal and Compliance/Master Services Agreement (MSA) Template - Key Clauses.json,2025-10-22T15:51:17.801729Z,52886,2025-10-04T16:15:34.670949
b572afb8-6526-42d0-8fbb-a9689c7ed6c4,MENA Regional Compliance Matrix (Summary),Legal and Compliance,Database/Legal and Compliance/MENA Regional Compliance Matrix (Summary).pdf,processed_docs/Legal and Compliance/MENA Regional Compliance Matrix (Summary).txt,processed_docs/Legal and Compliance/MENA Regional Compliance Matrix (Summary).json,2025-10-22T15:51:17.809749Z,60887,2025-10-04T16:19:05.563193
32cc36e1-0b14-457f-a537-d47108ffd165,NexaCore Solutions Code of Conduct and Ethics Policy,Legal and Compliance,Database/Legal and Compliance/NexaCore Solutions Code of Conduct and Ethics Policy.pdf,processed_docs/Legal and Compliance/NexaCore Solutions Code of Conduct and Ethics Policy.txt,processed_docs/Legal and Compliance/NexaCore Solutions Code of Conduct and Ethics Policy.json,2025-10-22T15:51:17.818726Z,59158,2025-10-04T16:11:46.889961
a66dd763-3c73-4996-93e2-d5584d60efc1,Software Licensing and Open Source Policy (SLOSP),Legal and Compliance,Database/Legal and Compliance/Software Licensing and Open Source Policy (SLOSP).pdf,processed_docs/Legal and Compliance/Software Licensing and Open Source Policy (SLOSP).txt,processed_docs/Legal and Compliance/Software Licensing and Open Source Policy (SLOSP).json,2025-10-22T15:51:17.827726Z,58681,2025-10-04T16:22:41.947060
18545abc-5612-4b78-a430-acb005727ac8,Standard Non-Disclosure Agreement (NDA) Template - Summary,Legal and Compliance,Database/Legal and Compliance/Standard Non-Disclosure Agreement (NDA) Template - Summary.pdf,processed_docs/Legal and Compliance/Standard Non-Disclosure Agreement (NDA) Template - Summary.txt,processed_docs/Legal and Compliance/Standard Non-Disclosure Agreement (NDA) Template - Summary.json,2025-10-22T15:51:17.835728Z,50076,2025-10-04T16:21:54.677775
e0691f0f-c2ec-4fda-906c-490212f41991,Vendor Due Diligence and Third-Party Risk Assessment Form,Legal and Compliance,Database/Legal and Compliance/Vendor Due Diligence and Third-Party Risk Assessment Form.pdf,processed_docs/Legal and Compliance/Vendor Due Diligence and Third-Party Risk Assessment Form.txt,processed_docs/Legal and Compliance/Vendor Due Diligence and Third-Party Risk Assessment Form.json,2025-10-22T15:51:17.843728Z,59413,2025-10-04T16:18:10.021535
9d375a49-fd1b-4f95-bcc0-4a53f9f647c3,Whistleblower Protection and Reporting Policy,Legal and Compliance,Database/Legal and Compliance/Whistleblower Protection and Reporting Policy.pdf,processed_docs/Legal and Compliance/Whistleblower Protection and Reporting Policy.txt,processed_docs/Legal and Compliance/Whistleblower Protection and Reporting Policy.json,2025-10-22T15:51:17.850762Z,53972,2025-10-04T16:23:52.052565
39a3139d-af4e-45b7-a1a8-1373b74b89d9,Agency and Vendor Management Guideline,Marketing,Database/Marketing/Agency and Vendor Management Guideline.pdf,processed_docs/Marketing/Agency and Vendor Management Guideline.txt,processed_docs/Marketing/Agency and Vendor Management Guideline.json,2025-10-22T15:51:17.859308Z,50618,2025-10-04T16:51:39.597234
cd7d8d83-c21d-4327-a2dc-fa867c5b4cfd,Brand Style Guide and Voice Standard,Marketing,Database/Marketing/Brand Style Guide and Voice Standard.pdf,processed_docs/Marketing/Brand Style Guide and Voice Standard.txt,processed_docs/Marketing/Brand Style Guide and Voice Standard.json,2025-10-22T15:51:17.866310Z,54053,2025-10-04T16:47:17.266454
687e682d-719d-4d40-a5d8-e5f736528e1b,Content Strategy and Production Guide,Marketing,Database/Marketing/Content Strategy and Production Guide.pdf,processed_docs/Marketing/Content Strategy and Production Guide.txt,processed_docs/Marketing/Content Strategy and Production Guide.json,2025-10-22T15:51:17.874311Z,60330,2025-10-04T16:48:43.051375
9c7ec20d-51da-467d-9379-9b10d6045800,Customer Success Story and Testimonial Process,Marketing,Database/Marketing/Customer Success Story and Testimonial Process.pdf,processed_docs/Marketing/Customer Success Story and Testimonial Process.txt,processed_docs/Marketing/Customer Success Story and Testimonial Process.json,2025-10-22T15:51:17.881311Z,58200,2025-10-04T16:50:55.103124
e94f12f2-1cc4-467d-b18d-1acad021e1c1,Digital Marketing and SEO Policy,Marketing,Database/Marketing/Digital Marketing and SEO Policy.pdf,processed_docs/Marketing/Digital Marketing and SEO Policy.txt,processed_docs/Marketing/Digital Marketing and SEO Policy.json,2025-10-22T15:51:17.888310Z,51440,2025-10-04T16:49:53.193141
8d9f74d8-272b-4323-a386-87bffa453ac3,Go-to-Market (GTM) Launch Framework,Marketing,Database/Marketing/Go-to-Market (GTM) Launch Framework.pdf,processed_docs/Marketing/Go-to-Market (GTM) Launch Framework.txt,processed_docs/Marketing/Go-to-Market (GTM) Launch Framework.json,2025-10-22T15:51:17.896275Z,59133,2025-10-04T16:48:11.289470
5d50b846-561a-42f2-a0f2-6d71e63abdd0,Lead Qualification and Sales Alignment (MQL-SQL SLA),Marketing,Database/Marketing/Lead Qualification and Sales Alignment (MQL-SQL SLA).pdf,processed_docs/Marketing/Lead Qualification and Sales Alignment (MQL-SQL SLA).txt,processed_docs/Marketing/Lead Qualification and Sales Alignment (MQL-SQL SLA).json,2025-10-22T15:51:17.906275Z,49029,2025-10-04T16:49:27.835222
de2c08d8-edd0-4941-b5ca-cea6db78882f,Marketing Data Privacy and Consent Management,Marketing,Database/Marketing/Marketing Data Privacy and Consent Management.pdf,processed_docs/Marketing/Marketing Data Privacy and Consent Management.txt,processed_docs/Marketing/Marketing Data Privacy and Consent Management.json,2025-10-22T15:51:17.912274Z,50128,2025-10-04T16:51:15.351252
aa37be70-f7d2-47d2-a940-e0a4a5c0d6f1,Marketing Performance Reporting and KPIs,Marketing,Database/Marketing/Marketing Performance Reporting and KPIs.pdf,processed_docs/Marketing/Marketing Performance Reporting and KPIs.txt,processed_docs/Marketing/Marketing Performance Reporting and KPIs.json,2025-10-22T15:51:17.919275Z,60204,2025-10-04T16:52:43.846544
fbe703b3-fcd1-434c-aa6a-34bc8f82e6b3,Public Relations and Media Relations Protocol,Marketing,Database/Marketing/Public Relations and Media Relations Protocol.pdf,processed_docs/Marketing/Public Relations and Media Relations Protocol.txt,processed_docs/Marketing/Public Relations and Media Relations Protocol.json,2025-10-22T15:51:17.927288Z,52140,2025-10-04T16:50:16.705181
5e22fb4f-51b0-4ae3-9b12-5f5643d8d342,Social Media Usage and Crisis Communication Policy,Marketing,Database/Marketing/Social Media Usage and Crisis Communication Policy.pdf,processed_docs/Marketing/Social Media Usage and Crisis Communication Policy.txt,processed_docs/Marketing/Social Media Usage and Crisis Communication Policy.json,2025-10-22T15:51:17.934275Z,47265,2025-10-04T16:52:22.179081
ea474bf9-ae6d-4e33-92a8-eb30141edbe3,Thought Leadership and Executive Speaking Policy,Marketing,Database/Marketing/Thought Leadership and Executive Speaking Policy.pdf,processed_docs/Marketing/Thought Leadership and Executive Speaking Policy.txt,processed_docs/Marketing/Thought Leadership and Executive Speaking Policy.json,2025-10-22T15:51:17.942275Z,49201,2025-10-04T16:50:34.147893
fb4d8105-7bef-4547-9d70-61f1cd65eebb,Website and Digital Property Governance,Marketing,Database/Marketing/Website and Digital Property Governance.pdf,processed_docs/Marketing/Website and Digital Property Governance.txt,processed_docs/Marketing/Website and Digital Property Governance.json,2025-10-22T15:51:17.950279Z,51598,2025-10-04T16:51:59.893584
a02aefa7-b662-4bb2-be42-abccefd1190b,Business Continuity Plan (BCP) - IT Systems (Tier 1),Operations,Database/Operations/Business Continuity Plan (BCP) - IT Systems (Tier 1).pdf,processed_docs/Operations/Business Continuity Plan (BCP) - IT Systems (Tier 1).txt,processed_docs/Operations/Business Continuity Plan (BCP) - IT Systems (Tier 1).json,2025-10-22T15:51:17.961279Z,66523,2025-10-04T17:46:00.807832
5a5ae488-9121-4ad1-aa86-df4e38203e8c,Capacity Planning and Scaling Strategy (Infrastructure),Operations,Database/Operations/Capacity Planning and Scaling Strategy (Infrastructure).pdf,processed_docs/Operations/Capacity Planning and Scaling Strategy (Infrastructure).txt,processed_docs/Operations/Capacity Planning and Scaling Strategy (Infrastructure).json,2025-10-22T15:51:17.970279Z,73150,2025-10-04T17:38:19.059862
978823bb-05ca-4a8d-a79a-818118f3bfab,Data Center (Server Room) Access Request and Log,Operations,Database/Operations/Data Center (Server Room) Access Request and Log.pdf,processed_docs/Operations/Data Center (Server Room) Access Request and Log.txt,processed_docs/Operations/Data Center (Server Room) Access Request and Log.json,2025-10-22T15:51:17.978278Z,62435,2025-10-04T17:37:43.288285
329698a7-d3c2-4182-ad91-7826af24c486,Equipment Maintenance Schedule - Office Network & Peripherals,Operations,Database/Operations/Equipment Maintenance Schedule - Office Network & Peripherals.pdf,processed_docs/Operations/Equipment Maintenance Schedule - Office Network & Peripherals.txt,processed_docs/Operations/Equipment Maintenance Schedule - Office Network & Peripherals.json,2025-10-22T15:51:17.985279Z,60164,2025-10-04T17:46:45.885178
2cec9286-dbed-4aa5-bafe-e6bfa5cafc6f,Facility Management Guidelines Dubai Headquarters,Operations,Database/Operations/Facility Management Guidelines Dubai Headquarters.pdf,processed_docs/Operations/Facility Management Guidelines Dubai Headquarters.txt,processed_docs/Operations/Facility Management Guidelines Dubai Headquarters.json,2025-10-22T15:51:17.995279Z,60118,2025-10-04T17:34:27.558171
bd2b8a82-1698-4451-8224-feaca4f64a45,Financial Forecasting Report - Operations CAPEX & OPEX (Q4 2025),Operations,Database/Operations/Financial Forecasting Report - Operations CAPEX & OPEX (Q4 2025).pdf,processed_docs/Operations/Financial Forecasting Report - Operations CAPEX & OPEX (Q4 2025).txt,processed_docs/Operations/Financial Forecasting Report - Operations CAPEX & OPEX (Q4 2025).json,2025-10-22T15:51:18.004279Z,72697,2025-10-04T17:47:07.899696
2d70fba2-2cfe-4276-92f0-39ecf75129c8,"Infrastructure Cost Optimization Report - [Month, Year]",Operations,"Database/Operations/Infrastructure Cost Optimization Report - [Month, Year].pdf","processed_docs/Operations/Infrastructure Cost Optimization Report - [Month, Year].txt","processed_docs/Operations/Infrastructure Cost Optimization Report - [Month, Year].json",2025-10-22T15:51:18.014279Z,83620,2025-10-04T17:38:39.647923
a0ba865a-9afa-475a-8dc9-9755946b5750,IT and Facility Equipment Maintenance Schedule (Q4 2025),Operations,Database/Operations/IT and Facility Equipment Maintenance Schedule (Q4 2025).pdf,processed_docs/Operations/IT and Facility Equipment Maintenance Schedule (Q4 2025).txt,processed_docs/Operations/IT and Facility Equipment Maintenance Schedule (Q4 2025).json,2025-10-22T15:51:18.022278Z,62503,2025-10-04T17:36:02.989506
27ddb354-5f09-447c-adad-74f8faaadd6b,Logistics Tracking Report (IT Equipment Transfer),Operations,Database/Operations/Logistics Tracking Report (IT Equipment Transfer).pdf,processed_docs/Operations/Logistics Tracking Report (IT Equipment Transfer).txt,processed_docs/Operations/Logistics Tracking Report (IT Equipment Transfer).json,2025-10-22T15:51:18.029278Z,58955,2025-10-04T17:42:15.390144
8727f430-8358-40bf-a6a7-55872667c188,"Monthly Operations and Performance Report (MOPR) - [Month, Year]",Operations,"Database/Operations/Monthly Operations and Performance Report (MOPR) - [Month, Year].pdf","processed_docs/Operations/Monthly Operations and Performance Report (MOPR) - [Month, Year].txt","processed_docs/Operations/Monthly Operations and Performance Report (MOPR) - [Month, Year].json",2025-10-22T15:51:18.039276Z,80773,2025-10-04T17:35:00.183405
bddc4a46-9e7f-4bf7-9d0b-8f79b3649973,NexaCore Solutions Change Management Policy (CMP),Operations,Database/Operations/NexaCore Solutions Change Management Policy (CMP).pdf,processed_docs/Operations/NexaCore Solutions Change Management Policy (CMP).txt,processed_docs/Operations/NexaCore Solutions Change Management Policy (CMP).json,2025-10-22T15:51:18.047275Z,66884,2025-10-04T17:37:14.438949
c61c0b92-19db-4243-a8c2-e952379625c7,NexaCore Solutions Cloud Resource Allocation Plan (FY2026),Operations,Database/Operations/NexaCore Solutions Cloud Resource Allocation Plan (FY2026).pdf,processed_docs/Operations/NexaCore Solutions Cloud Resource Allocation Plan (FY2026).txt,processed_docs/Operations/NexaCore Solutions Cloud Resource Allocation Plan (FY2026).json,2025-10-22T15:51:18.058278Z,93645,2025-10-04T17:33:14.983080
786b200d-d48c-4a46-ac4c-ee1931f988af,NexaCore Solutions Procurement Process Guide (V 2.1),Operations,Database/Operations/NexaCore Solutions Procurement Process Guide (V 2.1).pdf,processed_docs/Operations/NexaCore Solutions Procurement Process Guide (V 2.1).txt,processed_docs/Operations/NexaCore Solutions Procurement Process Guide (V 2.1).json,2025-10-22T15:51:18.068279Z,68868,2025-10-04T17:32:17.181024
2128a4dc-35e5-4da0-8691-ff97bbdfd262,Operational Risk Management SOP (OPS-RISK-001),Operations,Database/Operations/Operational Risk Management SOP (OPS-RISK-001).pdf,processed_docs/Operations/Operational Risk Management SOP (OPS-RISK-001).txt,processed_docs/Operations/Operational Risk Management SOP (OPS-RISK-001).json,2025-10-22T15:51:18.079276Z,81518,2025-10-04T17:34:01.773163
0054ca93-6fb5-426c-9d6a-3bf5268c88dc,Operations Team Resource Allocation Plan (Q4 2025),Operations,Database/Operations/Operations Team Resource Allocation Plan (Q4 2025).pdf,processed_docs/Operations/Operations Team Resource Allocation Plan (Q4 2025).txt,processed_docs/Operations/Operations Team Resource Allocation Plan (Q4 2025).json,2025-10-22T15:51:18.088279Z,62736,2025-10-04T17:41:44.440077
73954a9f-2e00-44d7-96e0-f3d33fde43ca,Procurement Process Guide - Appendix B Technical Vendor Sourcing Checklist,Operations,Database/Operations/Procurement Process Guide - Appendix B Technical Vendor Sourcing Checklist.pdf,processed_docs/Operations/Procurement Process Guide - Appendix B Technical Vendor Sourcing Checklist.txt,processed_docs/Operations/Procurement Process Guide - Appendix B Technical Vendor Sourcing Checklist.json,2025-10-22T15:51:18.097278Z,66573,2025-10-04T17:45:23.253403
6b9a5430-44d4-46db-9189-5aba62a063b9,Quarterly Cloud Service Audit Report (Q3 2025),Operations,Database/Operations/Quarterly Cloud Service Audit Report (Q3 2025).pdf,processed_docs/Operations/Quarterly Cloud Service Audit Report (Q3 2025).txt,processed_docs/Operations/Quarterly Cloud Service Audit Report (Q3 2025).json,2025-10-22T15:51:18.107279Z,71994,2025-10-04T17:43:27.014620
dfb937af-f0b5-4158-89cc-fc49d156242f,Remote Office IT Setup and Support Guide,Operations,Database/Operations/Remote Office IT Setup and Support Guide.pdf,processed_docs/Operations/Remote Office IT Setup and Support Guide.txt,processed_docs/Operations/Remote Office IT Setup and Support Guide.json,2025-10-22T15:51:18.116279Z,65086,2025-10-04T17:44:42.577675
9738ed53-91b1-463d-9acf-dec8876056c9,Service Degradation Notification Template (External Client),Operations,Database/Operations/Service Degradation Notification Template (External Client).pdf,processed_docs/Operations/Service Degradation Notification Template (External Client).txt,processed_docs/Operations/Service Degradation Notification Template (External Client).json,2025-10-22T15:51:18.123278Z,49814,2025-10-04T17:42:38.291243
5a7687ec-ec69-40b9-9c39-8a997a96181d,Service Degradation Notification Template (Internal Staff),Operations,Database/Operations/Service Degradation Notification Template (Internal Staff).pdf,processed_docs/Operations/Service Degradation Notification Template (Internal Staff).txt,processed_docs/Operations/Service Degradation Notification Template (Internal Staff).json,2025-10-22T15:51:18.132275Z,55810,2025-10-04T17:46:20.695152
a93d9aa9-b8f9-4478-922d-73a6e43bfac5,Service Level Agreement (SLA) Template - NexaCore Solutions,Operations,Database/Operations/Service Level Agreement (SLA) Template - NexaCore Solutions.pdf,processed_docs/Operations/Service Level Agreement (SLA) Template - NexaCore Solutions.txt,processed_docs/Operations/Service Level Agreement (SLA) Template - NexaCore Solutions.json,2025-10-22T15:51:18.141276Z,72182,2025-10-04T17:35:33.489024
c0afe64f-bb33-4b2a-8b0b-db5c1d7b4037,Standard Operating Procedure (SOP) Production System Patching,Operations,Database/Operations/Standard Operating Procedure (SOP) Production System Patching.pdf,processed_docs/Operations/Standard Operating Procedure (SOP) Production System Patching.txt,processed_docs/Operations/Standard Operating Procedure (SOP) Production System Patching.json,2025-10-22T15:51:18.150276Z,65675,2025-10-04T17:39:08.165947
88fd8149-07ac-44d1-9b5a-ad8f51554af7,Supply Chain Policy for IT and Software Assets (OPS-SUPPLY-001),Operations,Database/Operations/Supply Chain Policy for IT and Software Assets (OPS-SUPPLY-001).pdf,processed_docs/Operations/Supply Chain Policy for IT and Software Assets (OPS-SUPPLY-001).txt,processed_docs/Operations/Supply Chain Policy for IT and Software Assets (OPS-SUPPLY-001).json,2025-10-22T15:51:18.157279Z,52375,2025-10-04T17:41:20.373785
5bf443b4-32ad-4de5-b92d-2562e7935611,Vendor Evaluation and Due Diligence Form (VEND-EVAL-003),Operations,Database/Operations/Vendor Evaluation and Due Diligence Form (VEND-EVAL-003).pdf,processed_docs/Operations/Vendor Evaluation and Due Diligence Form (VEND-EVAL-003).txt,processed_docs/Operations/Vendor Evaluation and Due Diligence Form (VEND-EVAL-003).json,2025-10-22T15:51:18.166279Z,70251,2025-10-04T17:32:43.159560
ab6a5615-4e7d-4890-ad74-eaf64be04790,A-B Testing Strategy Document (Product-Led Growth),Product - R&D,Database/Product - R&D/A-B Testing Strategy Document (Product-Led Growth).pdf,processed_docs/Product - R&D/A-B Testing Strategy Document (Product-Led Growth).txt,processed_docs/Product - R&D/A-B Testing Strategy Document (Product-Led Growth).json,2025-10-22T15:51:18.176422Z,70755,2025-10-04T18:10:14.958435
69e553d4-9189-4c2f-851b-3d5be803ba78,A-B Testing Strategy Document - Appendix Test Deployment Guide,Product - R&D,Database/Product - R&D/A-B Testing Strategy Document - Appendix Test Deployment Guide.pdf,processed_docs/Product - R&D/A-B Testing Strategy Document - Appendix Test Deployment Guide.txt,processed_docs/Product - R&D/A-B Testing Strategy Document - Appendix Test Deployment Guide.json,2025-10-22T15:51:18.184413Z,55765,2025-10-04T18:13:35.991302
dc9ca392-78a3-41ec-8325-57a7eb5149f7,AI Model Validation Report Template (ML-VAL-001),Product - R&D,Database/Product - R&D/AI Model Validation Report Template (ML-VAL-001).pdf,processed_docs/Product - R&D/AI Model Validation Report Template (ML-VAL-001).txt,processed_docs/Product - R&D/AI Model Validation Report Template (ML-VAL-001).json,2025-10-22T15:51:18.193399Z,68584,2025-10-04T18:14:40.269362
6493db4d-755d-48de-b3ef-807b802e0fd2,Beta Testing Guidelines - Enterprise Feature Pilot (PAWT),Product - R&D,Database/Product - R&D/Beta Testing Guidelines - Enterprise Feature Pilot (PAWT).pdf,processed_docs/Product - R&D/Beta Testing Guidelines - Enterprise Feature Pilot (PAWT).txt,processed_docs/Product - R&D/Beta Testing Guidelines - Enterprise Feature Pilot (PAWT).json,2025-10-22T15:51:18.203386Z,66202,2025-10-04T18:05:37.969069
78f12a71-1229-4585-90cb-e3c6b58b92c5,Beta Testing Signup & Eligibility Form (Internal-External),Product - R&D,Database/Product - R&D/Beta Testing Signup & Eligibility Form (Internal-External).pdf,processed_docs/Product - R&D/Beta Testing Signup & Eligibility Form (Internal-External).txt,processed_docs/Product - R&D/Beta Testing Signup & Eligibility Form (Internal-External).json,2025-10-22T15:51:18.210386Z,55917,2025-10-04T18:11:25.713842
8bb4fb2e-cafb-485a-9c35-9eb73d7c08ba,Competitive Product Analysis Report - [Product-Feature],Product - R&D,Database/Product - R&D/Competitive Product Analysis Report - [Product-Feature].pdf,processed_docs/Product - R&D/Competitive Product Analysis Report - [Product-Feature].txt,processed_docs/Product - R&D/Competitive Product Analysis Report - [Product-Feature].json,2025-10-22T15:51:18.218384Z,68980,2025-10-04T18:06:30.493490
ee10da26-182b-4b69-99fa-009e43b8e2f3,Design System Audit Report - Usability and Branding,Product - R&D,Database/Product - R&D/Design System Audit Report - Usability and Branding.pdf,processed_docs/Product - R&D/Design System Audit Report - Usability and Branding.txt,processed_docs/Product - R&D/Design System Audit Report - Usability and Branding.json,2025-10-22T15:51:18.226413Z,66582,2025-10-04T18:11:51.336782
329c32c0-d3b2-4736-836d-d7bf4f143ae1,Feature Specification Predictive AI Workflow Trigger,Product - R&D,Database/Product - R&D/Feature Specification Predictive AI Workflow Trigger.pdf,processed_docs/Product - R&D/Feature Specification Predictive AI Workflow Trigger.txt,processed_docs/Product - R&D/Feature Specification Predictive AI Workflow Trigger.json,2025-10-22T15:51:18.234421Z,62374,2025-10-04T18:04:18.207853
fe55dbe3-4dfd-433d-8d7b-e34cc351a649,Innovation Pipeline Document Idea to Deployment (v1.1),Product - R&D,Database/Product - R&D/Innovation Pipeline Document Idea to Deployment (v1.1).pdf,processed_docs/Product - R&D/Innovation Pipeline Document Idea to Deployment (v1.1).txt,processed_docs/Product - R&D/Innovation Pipeline Document Idea to Deployment (v1.1).json,2025-10-22T15:51:18.242383Z,60813,2025-10-04T18:08:29.907021
63fa7648-6563-4362-9e5e-247853a83209,Internal Product Feedback Submission Form (PF-001),Product - R&D,Database/Product - R&D/Internal Product Feedback Submission Form (PF-001).pdf,processed_docs/Product - R&D/Internal Product Feedback Submission Form (PF-001).txt,processed_docs/Product - R&D/Internal Product Feedback Submission Form (PF-001).json,2025-10-22T15:51:18.250420Z,69187,2025-10-04T18:07:17.885941
e988baa8-3694-4745-ae71-a3283b540095,Low-Code Platform Vision Document (Internal),Product - R&D,Database/Product - R&D/Low-Code Platform Vision Document (Internal).pdf,processed_docs/Product - R&D/Low-Code Platform Vision Document (Internal).txt,processed_docs/Product - R&D/Low-Code Platform Vision Document (Internal).json,2025-10-22T15:51:18.258385Z,57157,2025-10-04T18:15:12.154142
c32031b1-b53a-41f1-9a06-79d0331c6dc1,NexaCore Product Roadmap Summary (Q4 2025 - Q1 2026),Product - R&D,Database/Product - R&D/NexaCore Product Roadmap Summary (Q4 2025 - Q1 2026).pdf,processed_docs/Product - R&D/NexaCore Product Roadmap Summary (Q4 2025 - Q1 2026).txt,processed_docs/Product - R&D/NexaCore Product Roadmap Summary (Q4 2025 - Q1 2026).json,2025-10-22T15:51:18.266421Z,60937,2025-10-04T18:04:51.575012
3f2588bf-73b7-4e91-a06b-2109e9a004aa,Product OKR Planning Document (Q4 2025),Product - R&D,Database/Product - R&D/Product OKR Planning Document (Q4 2025).pdf,processed_docs/Product - R&D/Product OKR Planning Document (Q4 2025).txt,processed_docs/Product - R&D/Product OKR Planning Document (Q4 2025).json,2025-10-22T15:51:18.274384Z,62414,2025-10-04T18:09:16.156818
16a807bf-f0b7-4fab-82b1-c11911f7d5b6,Product Requirements Document (PRD) - NexaCore Solutions,Product - R&D,Database/Product - R&D/Product Requirements Document (PRD) - NexaCore Solutions.pdf,processed_docs/Product - R&D/Product Requirements Document (PRD) - NexaCore Solutions.txt,processed_docs/Product - R&D/Product Requirements Document (PRD) - NexaCore Solutions.json,2025-10-22T15:51:18.283423Z,69921,2025-10-04T17:52:43.786829
19f41c4a-e02d-4ed2-831c-823feba79a79,Prototype Evaluation Report (PE-001) - AI Model,Product - R&D,Database/Product - R&D/Prototype Evaluation Report (PE-001) - AI Model.pdf,processed_docs/Product - R&D/Prototype Evaluation Report (PE-001) - AI Model.txt,processed_docs/Product - R&D/Prototype Evaluation Report (PE-001) - AI Model.json,2025-10-22T15:51:18.291427Z,62074,2025-10-04T18:08:57.922582
cab6afda-f921-48e9-835a-aae452a45df9,Quarterly Product Strategy Review - Presentation Outline (Q4 2025),Product - R&D,Database/Product - R&D/Quarterly Product Strategy Review - Presentation Outline (Q4 2025).pdf,processed_docs/Product - R&D/Quarterly Product Strategy Review - Presentation Outline (Q4 2025).txt,processed_docs/Product - R&D/Quarterly Product Strategy Review - Presentation Outline (Q4 2025).json,2025-10-22T15:51:18.298420Z,60402,2025-10-04T18:12:49.890335
c378a5cb-8cd5-428e-a414-10e860e669f8,R&D Budget Proposal (FY2026) - Project Allocation,Product - R&D,Database/Product - R&D/R&D Budget Proposal (FY2026) - Project Allocation.pdf,processed_docs/Product - R&D/R&D Budget Proposal (FY2026) - Project Allocation.txt,processed_docs/Product - R&D/R&D Budget Proposal (FY2026) - Project Allocation.json,2025-10-22T15:51:18.308430Z,77152,2025-10-04T18:07:52.818824
65bc8322-b68a-4924-b366-173c3838e338,Release Management Process (Standard Feature),Product - R&D,Database/Product - R&D/Release Management Process (Standard Feature).pdf,processed_docs/Product - R&D/Release Management Process (Standard Feature).txt,processed_docs/Product - R&D/Release Management Process (Standard Feature).json,2025-10-22T15:51:18.316426Z,60488,2025-10-04T18:06:03.272516
a5aba804-d3de-4b36-b1a2-e32f4a44c462,Software Development Lifecycle (SDLC) Overview,Product - R&D,Database/Product - R&D/Software Development Lifecycle (SDLC) Overview.pdf,processed_docs/Product - R&D/Software Development Lifecycle (SDLC) Overview.txt,processed_docs/Product - R&D/Software Development Lifecycle (SDLC) Overview.json,2025-10-22T15:51:18.324423Z,57097,2025-10-04T18:10:58.649989
478a0caa-9524-44c9-b75f-79a4b25f1486,Technical Debt (TD) Prioritization Framework (The Quadrant),Product - R&D,Database/Product - R&D/Technical Debt (TD) Prioritization Framework (The Quadrant).pdf,processed_docs/Product - R&D/Technical Debt (TD) Prioritization Framework (The Quadrant).txt,processed_docs/Product - R&D/Technical Debt (TD) Prioritization Framework (The Quadrant).json,2025-10-22T15:51:18.332426Z,70428,2025-10-04T18:09:49.566950
937e73a3-56bd-460f-ac21-be692221abd2,User Journey Map Enterprise Client Onboarding (Initial Setup),Product - R&D,Database/Product - R&D/User Journey Map Enterprise Client Onboarding (Initial Setup).pdf,processed_docs/Product - R&D/User Journey Map Enterprise Client Onboarding (Initial Setup).txt,processed_docs/Product - R&D/User Journey Map Enterprise Client Onboarding (Initial Setup).json,2025-10-22T15:51:18.341384Z,64500,2025-10-04T18:05:18.921036
dfcbab67-77db-4a3e-8139-b96d4bca939e,User Journey Mapping AI Workflow Editor (Textual),Product - R&D,Database/Product - R&D/User Journey Mapping AI Workflow Editor (Textual).pdf,processed_docs/Product - R&D/User Journey Mapping AI Workflow Editor (Textual).txt,processed_docs/Product - R&D/User Journey Mapping AI Workflow Editor (Textual).json,2025-10-22T15:51:18.349388Z,63610,2025-10-04T18:12:23.895211
3fec775d-af92-4b7a-8cb7-09ac12f10455,User Story Mapping Enterprise Onboarding - Technical Flow,Product - R&D,Database/Product - R&D/User Story Mapping Enterprise Onboarding - Technical Flow.pdf,processed_docs/Product - R&D/User Story Mapping Enterprise Onboarding - Technical Flow.txt,processed_docs/Product - R&D/User Story Mapping Enterprise Onboarding - Technical Flow.json,2025-10-22T15:51:18.357389Z,50994,2025-10-04T18:14:16.508446
5a6fd206-803f-42bb-b060-34ec93b759be,UX Research Report Post-Launch Usability Study - Workflow Editor v2.1,Product - R&D,Database/Product - R&D/UX Research Report Post-Launch Usability Study - Workflow Editor v2.1.pdf,processed_docs/Product - R&D/UX Research Report Post-Launch Usability Study - Workflow Editor v2.1.txt,processed_docs/Product - R&D/UX Research Report Post-Launch Usability Study - Workflow Editor v2.1.json,2025-10-22T15:51:18.365423Z,65393,2025-10-04T18:06:55.346241
d4506810-5efb-4f61-93ca-8ca54ad7aa36,Client Post-Mortem and Loss Review Form,Sales,Database/Sales/Client Post-Mortem and Loss Review Form.pdf,processed_docs/Sales/Client Post-Mortem and Loss Review Form.txt,processed_docs/Sales/Client Post-Mortem and Loss Review Form.json,2025-10-22T15:51:18.374634Z,55304,2025-10-04T17:23:41.359646
17b33a33-1008-4ca5-b57a-05348aa73e08,Client Proposal Template [Client Name] - AI Workflow Transformation,Sales,Database/Sales/Client Proposal Template [Client Name] - AI Workflow Transformation.pdf,processed_docs/Sales/Client Proposal Template [Client Name] - AI Workflow Transformation.txt,processed_docs/Sales/Client Proposal Template [Client Name] - AI Workflow Transformation.json,2025-10-22T15:51:18.384613Z,67880,2025-10-04T17:07:33.493257
445a3b2a-2aa0-4de9-84ab-3a0690cae093,Competitive Analysis Report Template,Sales,Database/Sales/Competitive Analysis Report Template.pdf,processed_docs/Sales/Competitive Analysis Report Template.txt,processed_docs/Sales/Competitive Analysis Report Template.json,2025-10-22T15:51:18.393617Z,75487,2025-10-04T17:11:10.157313
7bd50fdc-abaa-4102-b81c-9ded01b5b79e,CRM Usage and Pipeline Hygiene Guide,Sales,Database/Sales/CRM Usage and Pipeline Hygiene Guide.pdf,processed_docs/Sales/CRM Usage and Pipeline Hygiene Guide.txt,processed_docs/Sales/CRM Usage and Pipeline Hygiene Guide.json,2025-10-22T15:51:18.402612Z,66081,2025-10-04T17:08:51.988194
461f8136-3b0c-4e1c-9ad3-25d154ec5e0b,Discount and Deal Approval Form,Sales,Database/Sales/Discount and Deal Approval Form.pdf,processed_docs/Sales/Discount and Deal Approval Form.txt,processed_docs/Sales/Discount and Deal Approval Form.json,2025-10-22T15:51:18.410611Z,55112,2025-10-04T17:12:44.184145
df8d0a3b-af74-418c-b15e-2712bc69f316,Discovery Call Framework (The 'Automation Audit'),Sales,Database/Sales/Discovery Call Framework (The 'Automation Audit').pdf,processed_docs/Sales/Discovery Call Framework (The 'Automation Audit').txt,processed_docs/Sales/Discovery Call Framework (The 'Automation Audit').json,2025-10-22T15:51:18.419614Z,63597,2025-10-04T17:13:28.179047
ad903892-7771-47b5-a781-f8497205c008,Expansion Sales Playbook Upsell and Cross-sell,Sales,Database/Sales/Expansion Sales Playbook Upsell and Cross-sell.pdf,processed_docs/Sales/Expansion Sales Playbook Upsell and Cross-sell.txt,processed_docs/Sales/Expansion Sales Playbook Upsell and Cross-sell.json,2025-10-22T15:51:18.426652Z,54827,2025-10-04T17:11:37.265259
a9e4799a-35be-4354-8294-10f2d8ba47be,Lead Qualification Checklist (Nexa-BANT Framework),Sales,Database/Sales/Lead Qualification Checklist (Nexa-BANT Framework).pdf,processed_docs/Sales/Lead Qualification Checklist (Nexa-BANT Framework).txt,processed_docs/Sales/Lead Qualification Checklist (Nexa-BANT Framework).json,2025-10-22T15:51:18.434653Z,59421,2025-10-04T17:10:26.067800
6a048e30-8def-43b1-afcd-4dbf1c55d6b4,New Hire Sales Training Curriculum,Sales,Database/Sales/New Hire Sales Training Curriculum.pdf,processed_docs/Sales/New Hire Sales Training Curriculum.txt,processed_docs/Sales/New Hire Sales Training Curriculum.json,2025-10-22T15:51:18.443651Z,63295,2025-10-04T17:11:59.663451
1fe0c3f7-36ee-42d9-bed9-5ab928245079,NexaCore Enterprise Sales Playbook-Driving Predictive ROI,Sales,Database/Sales/NexaCore Enterprise Sales Playbook-Driving Predictive ROI.pdf,processed_docs/Sales/NexaCore Enterprise Sales Playbook-Driving Predictive ROI.txt,processed_docs/Sales/NexaCore Enterprise Sales Playbook-Driving Predictive ROI.json,2025-10-22T15:51:18.451651Z,62920,2025-10-04T17:07:00.246832
6eb4d7fe-a2f9-4e6e-a99a-83b9e7a43e91,NexaCore Standard Sales Agreement Terms Sheet (Draft),Sales,Database/Sales/NexaCore Standard Sales Agreement Terms Sheet (Draft).pdf,processed_docs/Sales/NexaCore Standard Sales Agreement Terms Sheet (Draft).txt,processed_docs/Sales/NexaCore Standard Sales Agreement Terms Sheet (Draft).json,2025-10-22T15:51:18.459612Z,68150,2025-10-04T17:07:56.298645
6c7981a6-9d99-4156-beb6-736ea3c30310,NexaCore Subscription Pricing Matrix (B2B SaaS),Sales,Database/Sales/NexaCore Subscription Pricing Matrix (B2B SaaS).pdf,processed_docs/Sales/NexaCore Subscription Pricing Matrix (B2B SaaS).txt,processed_docs/Sales/NexaCore Subscription Pricing Matrix (B2B SaaS).json,2025-10-22T15:51:18.467613Z,70897,2025-10-04T17:08:32.177081
c2a6057c-27de-4686-96f5-ac8e65d3a499,Post-Sale Handoff & Customer Success Strategy,Sales,Database/Sales/Post-Sale Handoff & Customer Success Strategy.pdf,processed_docs/Sales/Post-Sale Handoff & Customer Success Strategy.txt,processed_docs/Sales/Post-Sale Handoff & Customer Success Strategy.json,2025-10-22T15:51:18.475651Z,64083,2025-10-04T17:10:46.941367
36de3277-348d-480f-b0c1-68ac81517d88,Quarterly Sales Performance Report (QSR) Template,Sales,Database/Sales/Quarterly Sales Performance Report (QSR) Template.pdf,processed_docs/Sales/Quarterly Sales Performance Report (QSR) Template.txt,processed_docs/Sales/Quarterly Sales Performance Report (QSR) Template.json,2025-10-22T15:51:18.484613Z,66824,2025-10-04T17:09:18.439964
aa9da02f-7cd8-477d-b08b-d9cd65008b76,Sales Commission and Incentive Plan (FY26),Sales,Database/Sales/Sales Commission and Incentive Plan (FY26).pdf,processed_docs/Sales/Sales Commission and Incentive Plan (FY26).txt,processed_docs/Sales/Sales Commission and Incentive Plan (FY26).json,2025-10-22T15:51:18.492627Z,63202,2025-10-04T17:12:21.600559
ab9ca7a1-ab2c-495c-84ee-be50420c62f3,Sales Commission Draw and Quota Relief Policy,Sales,Database/Sales/Sales Commission Draw and Quota Relief Policy.pdf,processed_docs/Sales/Sales Commission Draw and Quota Relief Policy.txt,processed_docs/Sales/Sales Commission Draw and Quota Relief Policy.json,2025-10-22T15:51:18.500617Z,61337,2025-10-04T17:22:53.570079
412823e6-90c5-4c0c-ba1e-02094e4e2f8f,Sales Demo Environment and Sandbox Guide,Sales,Database/Sales/Sales Demo Environment and Sandbox Guide.pdf,processed_docs/Sales/Sales Demo Environment and Sandbox Guide.txt,processed_docs/Sales/Sales Demo Environment and Sandbox Guide.json,2025-10-22T15:51:18.507651Z,59312,2025-10-04T17:23:18.063694
1e4e4a15-e753-4716-be19-1c0973c2a6b4,Sales Team Internal Communication Guidelines,Sales,Database/Sales/Sales Team Internal Communication Guidelines.pdf,processed_docs/Sales/Sales Team Internal Communication Guidelines.txt,processed_docs/Sales/Sales Team Internal Communication Guidelines.json,2025-10-22T15:51:18.515648Z,59273,2025-10-04T17:24:02.844040
558a0a32-1100-443d-947e-a57ae20c04b5,Strategic Account Planning Template (SAP),Sales,Database/Sales/Strategic Account Planning Template (SAP).pdf,processed_docs/Sales/Strategic Account Planning Template (SAP).txt,processed_docs/Sales/Strategic Account Planning Template (SAP).json,2025-10-22T15:51:18.522614Z,63212,2025-10-04T17:13:07.411941
0253957e-13b8-4d3c-a2cc-45371eadea4a,Technical Sales Support Request Form (SE Engagement),Sales,Database/Sales/Technical Sales Support Request Form (SE Engagement).pdf,processed_docs/Sales/Technical Sales Support Request Form (SE Engagement).txt,processed_docs/Sales/Technical Sales Support Request Form (SE Engagement).json,2025-10-22T15:51:18.529657Z,60171,2025-10-04T17:14:28.310255
f38ae2dd-9c81-47aa-ac51-32d033d3ee8c,Territory Management and Rules of Engagement (ROE) Policy,Sales,Database/Sales/Territory Management and Rules of Engagement (ROE) Policy.pdf,processed_docs/Sales/Territory Management and Rules of Engagement (ROE) Policy.txt,processed_docs/Sales/Territory Management and Rules of Engagement (ROE) Policy.json,2025-10-22T15:51:18.537654Z,59781,2025-10-04T17:09:39.495000
